USR:ckwja40tn49utwq9maq4u5cxm,03d74303-16ec-4984-8d59-d5cfaec74f97
USR:ckwja40tn49uqwq9mcn1u6lsk,03d73d55-4774-412a-a831-e16ee8752c7b
USR:ckwja40tn49upwq9m2dzk0ktb,03D73B78-4EA3-4C6A-97D8-F7E02A8E6F29
USR:ckwja40tn49uowq9mfugsf42l,03d735e2-a5f3-4eb5-8009-d1b365c34f29
USR:ckwja40tn49umwq9mejpgcx56,03D7306C-D76E-4339-B45D-155AC9F7DAC4
USR:ckwja40tn49ulwq9mh6j6b4fi,03d72c6c-bc62-49f8-898a-081ef3aa2570
USR:ckwja40tn49ujwq9m1ut8238d,03d72ad1-6d1f-4b23-8e4b-f07eda9d25f4
USR:ckwja40tn49uiwq9m460xeogf,03d72a4b-6749-4cae-b63e-fd5642664f0f
USR:ckwja40tn49uhwq9m2c8x0dll,03d727d2-4f9e-41e1-9cb2-c1ff222ca6db
USR:ckwja40tn49ugwq9m3gv95vgk,03d7240e-2c00-440b-97ba-410461cdd9fa
USR:ckwja40tn49ufwq9m16q2dikg,03d723ec-e945-4121-9f63-fdd4c5188326
USR:ckwja40tn49udwq9m74sv1fz1,03D71B25-5191-488A-8F13-92A9E0E33291
USR:ckwja40tn49ubwq9mfhpqdzhx,03d71abb-e0a0-4fde-baef-194b358352cf
USR:ckwja40tn49u9wq9m7xupgkjh,03D716AD-F15E-45E4-B0A2-7F573EB6ED8A
USR:ckwja40tn49u7wq9m28dxgzeg,03d7156b-8fae-4b8d-9a73-8ce1bc79e506
USR:ckwja40tn49u4wq9mbwwhdso0,03d70d87-f635-4656-94f3-0ebc6bf93c9c
USR:ckwja40tn49u3wq9m04utab9k,03D70CAB-8CBF-40F0-98E4-4FB1EDF73DE9
USR:ckwja40tn49u2wq9m3uoj5k67,03d70c01-a978-43fe-9b73-5aa95d75af6f
USR:ckwja40tn49u0wq9m0awc303b,03D70B1C-85E3-49E7-8C16-0BD5B8361760
USR:ckwja40tn49txwq9mb0ny6b81,03D709D4-D186-4839-9C8C-D2B4C4A0F2FC
USR:ckwja40tn49tvwq9mcbfd7ct6,03d7095c-386e-4ad6-9c10-a25b6d4e82ba
USR:ckwja40tn49trwq9mdjhp8abv,03d6OkO0AxWAfxdOQeJAf7gc5Cu2
USR:ckwja40tn49tqwq9m0eaya3fd,03d6fd88-5112-4211-8c65-51892aa60740
USR:ckwja40tn49tpwq9m80hscnj0,03d6fb82-8108-46d1-90fa-76475dd1aecb
USR:ckwja40tn49tnwq9m5yqw94cy,03d6fb71-7773-4966-8985-f9c1fa67c214
USR:ckwja40tn49tlwq9matu75gy1,03d6f687-b4ad-471a-b461-814f216d5d9d
USR:ckwja40tn49tiwq9mc2gxgm8p,03d6f002-a1c4-46b5-b142-bf785edb6acb
USR:ckwja40tn49thwq9m30urfiaa,03d6efb2-ab82-47a9-859d-0e4bf26a41df
USR:ckwja40tn49tgwq9mhqg51g1t,03D6EB17-118B-48B0-A39F-2B6C8F541058
USR:ckwja40tn49tbwq9mgauo5k5y,03D6EA00-7C78-4263-AB35-B6EBF70C6E6E
USR:ckwja40tn49tawq9m8pypblnr,03d6e9c7-0d04-4378-bb15-937c0f4059fa
USR:ckwja40tn49t9wq9m42930i8m,03d6e5fe-c54b-4a14-811e-c376ac36decc
USR:ckwja40tn49t2wq9m9tj71x32,03D6DFD0-8E15-4E97-93B9-7C2314505A17
USR:ckwja40tn49t0wq9md3642nf9,03d6da67-567f-42ed-9acd-40fba9e1ac62
USR:ckwja40tn49sywq9mey3cck8r,03d6d92a-6159-4010-bcb3-3b984e5fca4d
USR:ckwja40tn49swwq9mblnec2da,03D6CFC4-53CA-4A95-99EC-00770DF30EAE
USR:ckwja40tn49suwq9mdncyhyo4,03d6c94d-6ab4-4728-8549-a6e9ddf108e4
USR:ckwja40tn49stwq9m0d5g5xet,03d6c788-91c5-42d1-b165-32c9e53b5be4
USR:ckwja40tn49sswq9m153rapow,03d6c4a9-c2cf-465f-a518-20a1e5b643fc
USR:ckwja40tn49sqwq9m865f952s,03D6C24C-38D5-41B1-9303-22B4BFEC9843
USR:ckwja40tn49snwq9ma97n57zk,03d6BiaNPQgLMBpEtIcBkT86XOG3
USR:ckwja40tn49sjwq9mf0s68nid,03d6bf56-16d0-4ba1-81c3-6482b237c41d
USR:ckwja40tn49siwq9mdld567en,03D6BEA9-E6F9-473A-905F-EE1FB8ACE44D
USR:ckwja40tn49shwq9m2ath39ct,03d6be3a-826e-4228-9c7b-d71a75d5abfb
USR:ckwja40tn49sfwq9me6248sbi,03d6bbfd-2822-46ca-84c1-0fda708411d3
USR:ckwja40tn49sdwq9m5pu665qr,03d6ba7e-3f70-4dd3-b05e-af213bf9f0c8
USR:ckwja40tn49scwq9m0uqm4wll,03d6b983-8c5b-44bb-825e-ae472a0d5f07
USR:ckwja40tn49sbwq9mfzd22u5z,03d6b6b9-16f0-4ac4-b6a4-160dade9a61a
USR:ckwja40tn49s9wq9mht4p45hk,03D6B68C-F6A3-45A7-9751-1929505C7CCA
USR:ckwja40tn49s8wq9m0a2m816v,03d6b29e-c427-4c9a-ab2c-d3b0d359f1f8
USR:ckwja40tn49s7wq9m4oqi5hxs,03d6a41f-22a0-472b-9176-6fea4367e9e8
USR:ckwja40tn49s6wq9mfyne5vn0,03d6a1fc-c7db-41bb-90c9-c3971270d3f3
USR:ckwja40tn49s5wq9m8szm8x9w,03d69fa1-ff36-4d88-9b7b-64f0b4240f28
USR:ckwja40tn49s4wq9mcx6l6em3,03D69C11-05AA-4587-B268-50D3EAB6A109
USR:ckwja40tn49s0wq9mbzcgbjn1,03D69B71-49A1-4F78-8F3F-A28A9D5D0F0A
USR:ckwja40tn49rxwq9m062qej8v,03D698A1-2FAB-4825-A3E7-2C415C89352D
USR:ckwja40tn49rwwq9mbi054i4t,03D69755-58A2-488E-BBA0-93D43ED67326
USR:ckwja40tn49rswq9m5ut8dpu9,03D693D5-6C05-4A4C-B85A-A8FEFBC97FB1
USR:ckwja40tn49rqwq9maf11727l,03d693c6-ecdb-4552-b05b-032a4b59cdc6
USR:ckwja40tn49rmwq9m7zs52jw8,03d68ec9-755c-48d2-b87d-b953b7fdda1e
USR:ckwja40tn49rlwq9mcb5s8vut,03d68b84-1093-4cc6-a80a-54ff45d8b4ef
USR:ckwja40tn49rhwq9m3b7p69qf,03d6877f-e7fd-4aeb-a760-f94784efce73
USR:ckwja40tn49rdwq9m476zgrki,03D686E6-BD65-4875-9751-CA5BBB722E82
USR:ckwja40tn49rcwq9m6umh7tlu,03d6855c-1a42-471f-8b91-eba336db38d6
USR:ckwja40tn49rawq9mbies1v51,03d6827e-bd7a-4084-8bcb-89744eed50d7
USR:ckwja40tn49r9wq9mhsrogvo2,03d67d51-2dae-4513-9f0c-18b2a1c5b90c
USR:ckwja40tn49r8wq9m0ac054lf,03d679f5-6bba-4976-bb32-6f301ead12b6
USR:ckwja40tn49r7wq9mgjgw0dca,03D67808-43F6-4BCD-AF03-16FFFC631486
USR:ckwja40tn49r5wq9mf8k1751m,03d675a2-8ebb-456c-bfc1-fa670e6bafeb
USR:ckwja40tn49r4wq9mg8eogvrn,03D67092-E8F1-4838-A565-995BF3ABA1A8
USR:ckwja40tn49r0wq9mh61z0hjs,03D66B52-B921-4BBB-99CB-C017B9D9D9D5
USR:ckwja40tn49qzwq9ma1j35lr2,03d66819-3a91-4a35-9f57-00871f814d13
USR:ckwja40tn49qwwq9m2mwxhsgt,03d66512-e60f-46aa-9bde-a14fbb7e2bbe
USR:ckwja40tn49qvwq9m1jkc3311,03D66457-6615-443E-B8F6-F01FA8CE97BE
USR:ckwja40tn49qtwq9m8jag1raz,03D66286-CD35-499B-B98B-1D1B9EA7339D
USR:ckwja40tn49qpwq9m9gfg0muy,03d661be-1496-4c01-81cb-657029d797dd
USR:ckwja40tn49qowq9m288b3y33,03D66169-04DC-4C0C-9A7F-64F2E09EE12F
USR:ckwja40tn49qnwq9mgbxk3aok,03d65efe-d645-41e2-a859-b1e5c3549102
USR:ckwja40tn49qjwq9m39bi0k06,03d65e83-e6d9-4e57-a804-efe2b844eb36
USR:ckwja40tn49qhwq9mgxgpde5v,03d65d67-948e-4fe3-9a62-2d5d377bae21
USR:ckwja40tn49qfwq9m2duxbv4h,03D65D05-FA26-45C7-8BC1-9119E5ECAA0D
USR:ckwja40tn49qewq9m876r0cib,03d65a7d-f69f-4cb2-9215-a456a9cdc6aa
USR:ckwja40tn49qdwq9m2yqv4fxp,03d65a3f-4281-4ff0-af90-7ebbd65fc751
USR:ckwja40tn49qbwq9m5b0egell,03d659da-b9bc-4ef2-8ea8-356e1058d3f5
USR:ckwja40tn49q9wq9m46pgh93b,03d65830-59fb-4e4d-a997-db81da12a16c
USR:ckwja40tn49q6wq9meds145oq,03D656F1-147C-4331-861A-6111B743CB6B
USR:ckwja40tn49q4wq9mh926fjmc,03d65692-9236-4279-a969-d0d435a9ef48
USR:ckwja40tn49q2wq9md0afeir5,03d64de0-5efa-4e6a-86fb-afd92d6970ae
USR:ckwja40tn49q1wq9m8ml5etb9,03d64d8a-cbe9-4be6-9164-7261088e42d5
USR:ckwja40tn49pzwq9m6l7c0xea,03D6475A-EB41-44F3-841C-4F28E5585473
USR:ckwja40tn49pwwq9m6km68kkv,03d646cf-dde3-4ff7-a995-035571bffffc
USR:ckwja40tn49puwq9m1r987uat,03d64684-4896-4506-985e-14c5232008ba
USR:ckwja40tn49ptwq9mfmwh5o73,03D63E89-EE2E-45B6-9F3C-E9062C75FD39
USR:ckwja40tn49pswq9m9lfcc0t7,03d63e33-249e-48b8-9ff1-428a84d49df8
USR:ckwja40tn49pqwq9m9vyn8ey2,03d63a64-2df2-4d47-b4de-e1b1f0f10251
USR:ckwja40tn49powq9m4xk0empb,03D6358E-B0EE-4F74-9EFE-4A642CAA8828
USR:ckwja40tn49pmwq9m8kal2hr3,03D631F9-85A6-462C-A2E8-8F4F321FD69D
USR:ckwja40tn49pjwq9m6e25dnr7,03d631d6-9956-47b8-a4fa-30640fd206b3
USR:ckwja40tn49piwq9m6mpw3tgy,03d62d2f-5eb1-4dbc-aa41-9e1a30c8209d
USR:ckwja40tn49pgwq9m4jy727jw,03d62bec-337d-494a-8041-299a8ac4eeda
